Float32,Float32 truncated,Float64
0.19782385,0.0031211565,0.011611238029748606